bin,n_a,mean_mm_a,std_mm_a,median_q_a,sqrt_n_bound_a,n_b,mean_mm_b,std_mm_b,median_q_b,sqrt_n_bound_b,delta_mean_mm,delta_median_q
0.0,696,6332.752514367816,32.450123501330616,11.0,1.2300187570126266,699,6333.660228898426,32.09391281498113,11.0,1.2139032680453232,-0.9077145306100647,0.0
1.0,716,6441.64874301676,36.896783055117325,7.0,1.3788975232524836,720,6443.639236111111,37.687055105212046,7.0,1.4045136181172437,-1.9904930943512227,0.0
2.0,706,6013.224150141643,1834.1390292654507,11.0,69.02873297011955,676,6017.418639053254,1827.5879595390413,11.0,70.29184459765544,-4.194488911611188,0.0
3.0,705,145.2287234042553,953.9112940960757,0.0,35.92637777266031,716,97.88826815642459,784.3150206768797,0.0,29.311228511318003,47.34045524783072,0.0
4.0,706,4468.635269121813,3280.4894639079475,9.0,123.46284965435903,708,4581.1677259887,3241.76822444674,9.0,121.83311048055876,-112.53245686688751,0.0
5.0,699,2099.9195278969955,3185.241234130843,0.0,120.47688812251242,706,2186.279745042493,3220.188164103854,0.0,121.19338029815928,-86.36021714549724,0.0
6.0,716,6133.589734636871,867.3145880510849,1.0,32.41306797825349,715,6108.260839160839,954.3936880394805,1.0,35.69230023662331,25.328895476031903,0.0
7.0,705,5710.856737588652,1897.5744457153585,1.0,71.46678817040008,697,5484.689383070301,2167.14323827384,1.0,82.08640350366474,226.1673545183512,0.0
8.0,713,2982.3769284712484,3689.8978910630954,0.0,138.18776200765487,712,3240.2489466292136,3735.2298346934595,0.0,139.98365633927605,-257.87201815796516,0.0
9.0,694,7576.962536023055,6.6783745610142375,7.0,0.25350763159224093,683,7577.246705710102,6.877534732720422,7.0,0.2631615529060607,-0.28416968704732426,0.0
10.0,621,7523.499194847021,22.98985574318856,10.0,0.9225511319875085,617,7524.880470016207,22.779286564105476,10.0,0.9170595462106083,-1.3812751691866652,0.0
11.0,629,7455.440381558029,16.87611233929697,10.0,0.6728946648841297,646,7456.187693498452,17.55416003008197,10.0,0.6906591888269012,-0.7473119404230602,0.0
12.0,642,7463.839953271028,22.974940316029347,10.0,0.9067485668225519,643,7464.1761275272165,23.085831012713758,10.0,0.9104163024547566,-0.33617425618831476,0.0
13.0,692,7616.742052023122,59.007826583416886,10.0,2.2431409898048065,700,7620.496428571429,59.96493510512849,10.0,2.2664615096042398,-3.7543765483069365,0.0
14.0,732,7834.234631147541,299.6858618387716,7.0,11.076708183778662,730,7827.192465753425,417.3653867138885,7.0,15.447386001629331,7.042165394116637,0.0
15.0,718,8032.063022284123,801.347156100025,6.0,29.90601025361179,705,8023.714184397163,863.4678139384283,6.0,32.52007924644694,8.3488378869597,0.0
16.0,696,7096.585488505747,2874.938114951955,8.0,108.97424801777487,697,7110.61406025825,2861.0974331213383,8.0,108.37179297182253,-14.028571752503012,0.0
17.0,705,1480.0563829787234,1710.951844718313,0.0,64.43817439275355,695,1453.7830935251798,1723.863666670411,0.0,65.38987602614168,26.27328945354361,0.0
18.0,689,3417.983671988389,8.802572860694362,12.0,0.3353513180002697,698,3418.045128939828,8.677007781695725,12.0,0.3284295880882489,-0.06145695143914054,0.0
19.0,708,3428.8312146892654,16.923801905633237,3.0,0.6360354240537964,703,3428.573257467994,16.72037190150938,3.0,0.6306207699654242,0.25795722127122644,0.0
20.0,689,1963.538824383164,3340.493876682173,0.0,127.26268126894331,692,1968.34862716763,3326.660811094391,0.0,126.46066897573625,-4.809802784466001,0.0
21.0,700,8063.420714285714,305.320785361459,11.0,11.540040973790724,697,8063.558823529412,305.9831592311848,11.0,11.589938602297108,-0.13810924369772692,0.0
22.0,703,8014.5451635846375,525.0941829826497,12.0,19.804302196591195,692,8014.053468208092,529.2415547010619,12.0,20.118745149505404,0.4916953765450671,0.0
23.0,689,1208.5257619738752,2023.5007647621635,0.0,77.08923960943135,699,1268.8118741058656,2046.8282328628545,0.0,77.41815388243472,-60.28611213199042,0.0
24.0,713,4141.72966339411,156.19064414228902,1.0,5.849385592168376,696,4129.3135775862065,272.37949384618105,1.0,10.32451806979009,12.416085807903073,0.0
25.0,682,3552.5384897360705,1412.8118665640436,1.0,54.09936240082883,698,3435.1969914040114,1526.9190818142383,1.0,57.794739580875834,117.34149833205902,0.0
26.0,701,2467.0813124108417,1977.7865708882716,1.0,74.69996782169345,697,2317.7991391678624,2004.6185488982444,1.0,75.93034192186582,149.2821732429793,0.0
27.0,700,3993.5360714285716,19.20021111503314,1.0,0.7256997675759409,690,3982.9942028985506,215.7004920074741,1.0,8.211577391960342,10.54186853002102,0.0
28.0,696,3363.186422413793,1426.6296422512455,1.0,54.076257035117,696,3380.2277298850577,1409.8327894780643,1.0,53.43957397383543,-17.041307471264645,0.0
29.0,717,704.3152022315202,1571.1688216583375,0.0,58.67637487211393,721,719.6102635228849,1588.3133656641232,0.0,59.15188081145859,-15.295061291364732,0.0
30.0,688,5782.5683139534885,1051.7511625289487,12.0,40.0976371578299,704,5820.912642045455,943.5750643327546,12.0,35.56232329462733,-38.34432809196642,0.0
31.0,712,5967.224367977528,2.5792215039094084,14.0,0.09666041250598323,694,5967.336455331412,2.4046199761303435,14.0,0.09127812605581329,-0.11208735388390778,0.0
32.0,695,5960.7226618705035,2.088066675932996,14.0,0.07920488360735398,690,5960.819927536232,2.053153790686165,14.0,0.07816222899126254,-0.09726566572862794,0.0
33.0,694,5955.9340778097985,1.5733263444512848,15.0,0.059722651321753736,692,5956.07225433526,1.4984976959513003,15.0,0.05696433506434327,-0.13817652546185855,0.0
34.0,704,5952.800426136364,1.2236322071277548,15.0,0.04611737400496824,703,5953.0910384068275,1.2383638122826042,15.0,0.0467057757685687,-0.29061227046349813,0.0
35.0,696,5770.344109195402,1018.5269375944534,14.0,38.60716393613835,704,5798.006036931818,939.8586549605133,14.0,35.4222558462741,-27.661927736416146,0.0
36.0,694,1668.047190201729,2503.7869567605353,0.0,95.0424531629613,691,1641.9247467438495,2499.465063047282,0.0,95.08413215282603,26.122443457879626,0.0
37.0,692,3593.631141618497,2463.6179086382767,8.0,93.65270056627988,700,3593.216785714286,2467.1647450767136,8.0,93.25006226998646,0.41435590421133384,0.0
38.0,700,3430.010357142857,2802.609984068476,11.0,105.92870056788402,689,3427.0406386066766,2803.602921778426,11.0,106.80876487441404,2.9697185361806078,0.0
39.0,716,4071.8718575418993,2580.8701037750907,10.0,96.45164426979166,693,4174.318903318904,2530.1926604979153,10.0,96.11407138142914,-102.4470457770044,0.0
40.0,687,2496.1390101892284,2820.408857345697,0.0,107.60530959471909,714,2417.6943277310925,2809.7066650484785,0.0,105.1506292087412,78.44468245813596,0.0
41.0,699,5693.312231759656,9.40446747451257,12.0,0.355709628406787,690,5693.283333333334,9.114852019331117,12.0,0.3469964860831656,0.028898426322484738,0.0
42.0,692,5626.239884393063,779.2607554406204,11.0,29.62304906797494,693,5576.776334776335,937.1752007357634,10.0,35.6003420398415,49.463549616728415,1.0
43.0,695,1601.3625899280576,2500.66432830486,0.0,94.85560463530149,704,1702.602627840909,2538.331430268701,0.0,95.66696531553923,-101.24003791285145,0.0
44.0,717,3705.3462343096235,2.3417019882995866,14.0,0.08745246329367419,690,3700.1786231884057,141.08738078312987,13.0,5.371104792331697,5.16761112121776,1.0
45.0,685,3681.195620437956,244.34320390913422,13.0,9.335873930104455,717,3687.242329149233,195.16897342631765,13.0,7.288718876231964,-6.046708711276551,0.0
46.0,771,2142.2253566796367,1825.0169523876502,8.0,65.72638007881606,755,2089.7844370860926,1832.7929295799768,8.0,66.70216417468944,52.440919593544095,0.0
47.0,831,2338.6227436823106,1800.3973693260264,12.0,62.45509277143008,825,2378.079696969697,1789.3506712134756,12.0,62.29719410551928,-39.45695328738657,0.0
48.0,786,3728.0804707379134,0.891465354773106,13.0,0.0317975161615926,793,3728.042244640605,0.8498995815162788,13.0,0.030180819064794674,0.038226097308324825,0.0
49.0,699,2950.3580114449214,1517.0489919969975,12.0,57.38006268623003,693,3062.1002886002884,1430.5000674457667,12.0,54.34020410389018,-111.74227715536699,0.0
50.0,664,2331.714608433735,2504.165507174038,0.0,97.18046874243976,666,2194.498123123123,2494.583804939191,0.0,96.66315899091774,137.21648531061192,0.0
51.0,663,5036.962669683258,1.2703857768993765,12.0,0.049337695306960395,677,5029.714918759232,193.59757309854317,12.0,7.440559165393152,7.24775092402615,0.0
52.0,723,5038.3734439834025,1.2785087641261936,12.0,0.04754825255267084,700,5038.597857142857,1.3543612517213883,12.0,0.05119004367709919,-0.22441315945434326,0.0
53.0,701,3386.722539229672,2368.3349363556417,9.0,89.45077600425928,697,3471.519010043042,2335.826709179637,10.0,88.47574557050523,-84.79647081336998,-1.0
54.0,698,3860.4530802292265,3077.659877328513,10.0,116.49114432270306,716,3816.6117318435754,3087.670985851499,10.0,115.39168248486882,43.841348385651145,0.0
55.0,715,3421.383916083916,3152.0075221125076,5.0,117.87839781132418,679,3705.4734904270986,3115.8422612352265,6.0,119.57505143722169,-284.08957434318245,-1.0
56.0,688,842.6991279069767,1639.1325784303494,0.0,62.491343699056074,734,1048.0357629427792,1768.3286006091257,0.0,65.27019966426367,-205.3366350358025,0.0
57.0,722,3828.1464681440443,824.9812253136209,12.0,30.70262204057097,685,3795.194890510949,894.5045302785038,12.0,34.17726129061056,32.95157763309544,0.0
58.0,692,107.03432080924856,593.5639194251853,0.0,22.563914565631713,707,109.18422913719944,613.2913804830993,0.0,23.065196243646895,-2.1499083279508824,0.0
59.0,699,2319.1412732474964,2000.6668264651885,12.0,75.67216914050765,715,2487.691958041958,1968.073848219772,12.0,73.60178882029747,-168.55068479446163,0.0
60.0,720,4054.126041666667,151.43207841485946,12.0,5.643540355161739,680,4053.94375,155.80701787863072,12.0,5.974926386481302,0.18229166666696983,0.0
61.0,688,4080.6337209302324,6.34085464767249,12.0,0.24174281711422663,727,4080.747936726272,6.729012562189678,12.0,0.24956526179109192,-0.11421579603984355,0.0
62.0,715,4102.5160839160835,7.186692595981451,12.0,0.2687670644291569,675,4102.6985185185185,6.862295222796083,12.0,0.2641298662760001,-0.1824346024350234,0.0
63.0,683,4125.918740849194,7.075161015662922,12.0,0.2707235124650245,712,4126.015098314607,7.354031988522389,12.0,0.275604000864339,-0.09635746541243861,0.0
64.0,730,4150.5421232876715,7.982535567492885,11.0,0.29544689643209104,717,4150.634588563459,7.946454640016725,11.0,0.29676578667703746,-0.09246527578761743,0.0
65.0,715,4177.708041958042,8.59002346699364,11.0,0.32124866338270863,699,4177.718168812589,8.43196939135396,11.0,0.31892637271217456,-0.010126854547706898,0.0
66.0,704,4208.12109375,9.18303984802265,11.0,0.34609883648606143,734,4208.197547683923,9.469568231492865,11.0,0.3495281414274479,-0.07645393392340338,0.0
67.0,715,4239.836013986014,9.52426395252346,11.0,0.3561872765783144,685,4240.183941605839,9.274885393411427,11.0,0.35437515496136707,-0.3479276198249863,0.0
68.0,692,4272.550578034682,9.77126089421366,11.0,0.3714476045461939,721,4272.787794729542,10.059115724446489,11.0,0.3746210459875675,-0.2372166948598533,0.0
69.0,716,4307.211592178771,10.753439442292052,11.0,0.40187490034759427,680,4307.15625,10.146158391204583,11.0,0.3890874128676938,0.05534217877084302,0.0
70.0,698,4343.021131805158,10.618431013872726,11.0,0.4019135411387371,714,4342.920518207283,10.722574324845601,11.0,0.4012822587569136,0.10061359787505353,0.0
71.0,706,4380.178824362606,11.36441727649776,11.0,0.42770548634720884,706,4380.192988668555,11.23680583535348,11.0,0.42290276640388563,-0.014164305948725087,0.0
72.0,713,4419.867812061711,12.093530561509079,11.0,0.4529062788197195,688,4419.6199127906975,11.569012103045843,11.0,0.44106445146877277,0.24789927101392095,0.0
73.0,688,3302.689680232558,1952.5957524496264,5.0,74.44201517152112,729,3153.071330589849,2027.2188056319183,5.0,75.08217798636734,149.6183496427093,0.0
74.0,722,260.86357340720224,978.9257545328092,0.0,36.43184417412142,681,353.36196769456683,1101.1226781909531,0.0,42.19511270991782,-92.49839428736459,0.0
75.0,688,2991.078488372093,2169.8562588685095,10.0,82.72499432617546,716,2823.691340782123,2218.204415489462,10.0,82.89819115170599,167.38714758997003,0.0
76.0,711,4602.908579465541,15.209704679248158,10.0,0.5704084903760012,707,4603.252828854314,15.017340984004939,10.0,0.5647852356590891,-0.34424938877327804,0.0
77.0,701,4654.695078459344,15.529155092492633,10.0,0.5865280929611584,698,4655.401862464183,15.222943992077816,10.0,0.5761969276269946,-0.7067840048393919,0.0
78.0,700,4708.732142857143,15.490976504255222,10.0,0.5855038770829146,717,4709.4442119944215,15.82052329646499,9.0,0.5908282692604596,-0.7120691372783767,1.0
79.0,717,966.0746164574616,1913.0729596916526,0.0,71.44501888860802,684,883.2211257309941,1851.4669826679515,0.0,70.79260942764712,82.8534907264675,0.0
80.0,699,2396.213519313305,2422.1076644618047,0.0,91.61252560252954,720,2401.0086805555557,2422.82372523427,0.0,90.29330911871834,-4.795161242250742,0.0
81.0,711,4887.979957805907,18.309791188828317,9.0,0.686670817834422,687,4887.740538573508,17.556398645023403,9.0,0.6698183870206502,0.23941923239908647,0.0
82.0,761,4955.349540078843,22.020079722208223,9.0,0.7982272663152399,773,4955.225420439845,22.295879896241416,9.0,0.8019270615789535,0.1241196389983088,0.0
83.0,782,5030.789961636829,24.58436671306114,9.0,0.8791351588185583,778,5030.687017994858,24.625908678182565,9.0,0.8828816005553703,0.10294364197034156,0.0
84.0,770,5110.0935064935065,24.592885216931954,9.0,0.8862660643082318,776,5110.586018041237,24.609218592560705,9.0,0.8834194632868144,-0.49251154773082817,0.0
85.0,715,5190.208741258742,23.932953965781117,8.0,0.8950417308927209,706,5190.193696883853,23.44430776536932,8.0,0.8823381622564893,0.015044374888930179,0.0
86.0,689,5270.788461538462,24.277121035436448,8.0,0.9248846519452133,685,5271.100729927008,24.26170588135673,8.0,0.9269921316160367,-0.3122683885458173,0.0
87.0,692,5354.398482658959,24.87092019519384,8.0,0.9454505236714137,704,5354.260653409091,25.467961495383566,8.0,0.9598599142659763,0.1378292498684459,0.0
88.0,720,5444.160763888889,28.14475432859179,7.0,1.0488930648127115,697,5444.05774748924,27.441738523024203,7.0,1.0394299654310106,0.10301639964927745,0.0
89.0,697,5541.848278335725,28.69317267140672,7.0,1.086831413866978,728,5542.291895604396,30.066960969331785,7.0,1.1143557136296594,-0.44361726867100515,0.0
90.0,722,5643.472299168975,30.567683046909018,7.0,1.1376113667173913,698,5644.446633237822,30.024683761700334,7.0,1.1364510403156591,-0.9743340688473836,0.0
91.0,708,5752.516949152542,32.47191249814771,7.0,1.220369202544407,724,5753.048342541437,32.98414647085557,7.0,1.2258461495373039,-0.5313933888946849,0.0
92.0,716,5864.945530726257,33.43287818351886,6.0,1.2494453203031295,700,5865.2425,32.53714776132138,6.0,1.2297885906831192,-0.29696927374334336,0.0
93.0,716,5984.000349162011,36.58025829707476,6.0,1.367068437658192,723,5984.8046334716455,36.962888796315625,6.0,1.3746646255997264,-0.8042843096345678,0.0
94.0,706,6111.248583569405,37.914734941054945,6.0,1.4269398732151188,705,6111.744680851064,37.59556322713269,6.0,1.415930826517574,-0.49609728165887645,0.0
95.0,723,6245.692600276625,41.52495441553869,6.0,1.5443296715588983,710,6246.21338028169,40.87294846992674,6.0,1.5339344223754452,-0.5207800050648075,0.0
96.0,690,6387.673188405797,41.70341458535075,5.0,1.587621860244757,722,6389.790166204986,43.539633294031375,5.0,1.620377365925535,-2.116977799189044,0.0
97.0,741,6540.467948717948,47.11918544359227,5.0,1.7309665288439056,689,6540.752177068215,44.22659628980497,5.0,1.6848991301938516,-0.2842283502668579,0.0
98.0,699,6703.246423462088,48.3705845968263,5.0,1.8295435354937957,728,6701.228021978022,49.9236008249431,5.0,1.850291749837533,2.0184014840660893,0.0
99.0,719,6873.360570236439,52.022640235076,5.0,1.9401171039273704,704,6872.785511363636,50.8912318406496,5.0,1.9180354674366198,0.5750588728033108,0.0
100.0,645,7046.18992248062,50.736774421721684,4.0,1.9977585419201678,653,7046.33078101072,51.47407883463044,4.0,2.014336362914926,-0.14085853009964922,0.0
101.0,663,7219.433634992459,56.612663784838965,4.0,2.1986536744365743,652,7218.586273006135,56.234816481479626,4.0,2.202325383113697,0.847361986323449,0.0
102.0,652,7397.194401840491,296.08593779640796,4.0,11.595620243676043,658,7406.170972644377,59.00455172413962,4.0,2.3002369126584847,-8.976570803885807,0.0
103.0,719,7620.759388038943,68.75174218233943,3.0,2.5640073308472044,726,7611.783057851239,291.12956371895376,3.0,10.804831517432104,8.976330187703752,0.0
104.0,697,7822.818149210904,519.4838696813117,3.0,19.676854666178293,710,7805.844718309859,661.7750826138266,3.0,24.835976289760485,16.973430901045504,0.0
105.0,749,8063.856141522029,596.2585942740393,3.0,21.786814867337142,723,8098.523858921162,310.9372936064594,3.0,11.563882375533412,-34.667717399132925,0.0
106.0,698,8342.3585243553,61.07031182802383,4.0,2.3115453924577487,711,8343.407876230662,62.18947468680911,4.0,2.3322875178358053,-1.049351875361026,0.0
107.0,719,8525.687413073714,47.37088717844416,4.0,1.7666359882508762,690,8524.998188405798,45.61500100561672,4.0,1.7365334103131829,0.6892246679162781,0.0
108.0,694,8668.262608069164,37.42871921270988,4.0,1.420774752068426,723,8667.598547717842,38.83656742677711,4.0,1.4443474836477228,0.664060351322405,0.0
109.0,697,8783.463773314204,29.84986433035329,4.0,1.1306442346204595,687,8784.587336244542,28.901597018867147,4.0,1.10266470299055,-1.123562930337357,0.0
110.0,718,8871.811629526463,23.643887530693675,4.0,0.8823820457159128,731,8873.364569083447,23.649175818685457,4.0,0.8746963646738185,-1.552939556984711,0.0
111.0,694,8943.413904899135,18.82848818332018,4.0,0.7147196375716756,694,8945.131484149855,18.682311763542366,5.0,0.7091708565570811,-1.7175792507205188,-1.0
112.0,731,8999.786935704515,14.423713006663641,5.0,0.5334802966815797,698,8999.918696275072,13.928733269503935,5.0,0.5272103293423879,-0.13176057055716228,0.0
113.0,688,9038.453125,9.09151481343912,5.0,0.34661075280179077,707,9038.407001414427,9.25680768117044,5.0,0.3481380833816854,0.046123585572786396,0.0
114.0,711,9060.695499296766,5.4976724393467435,5.0,0.20617882482544939,697,9060.490674318507,5.39886301129726,5.0,0.20449651863314358,0.2048249782583298,0.0
115.0,709,9069.728843441468,2.966100288319806,5.0,0.11139423453268975,720,9069.446527777778,2.973560197738793,5.0,0.11081804562219429,0.2823156636895874,0.0
116.0,693,9064.226551226551,4.538719335273034,5.0,0.17241169061207323,689,9064.567126269956,4.4666208596756904,5.0,0.17016470252557325,-0.34057504340489686,0.0
117.0,727,9044.56121045392,8.598603747793526,5.0,0.31890456073954143,728,9044.432692307691,8.982020243358587,5.0,0.3328958183812865,0.12851814622808888,0.0
118.0,698,9008.049068767908,12.386044809309162,5.0,0.4688187099872595,695,9007.816187050359,12.624449963518787,5.0,0.4788726823201579,0.23288171754938958,0.0
119.0,719,8964.963490959666,12.621311294750992,5.0,0.4706954857786705,714,8964.872899159664,12.73674974109865,5.0,0.47666087923369993,0.09059180000258493,0.0
120.0,712,8923.971207865168,11.659486021753652,5.0,0.4369577125354326,706,8924.202195467422,11.742559080313047,5.0,0.44193704087165436,-0.23098760225366277,0.0
121.0,698,8887.510744985673,10.181885651832118,5.0,0.38539005550359884,698,8887.66153295129,10.359307091416012,5.0,0.3921055560294235,-0.15078796561647323,0.0
122.0,720,8855.511111111111,9.34623462601052,5.0,0.3483135992903641,713,8855.370967741936,9.317680881614127,5.0,0.34894989133718324,0.1401433691753482,0.0
123.0,688,8826.803779069767,8.092286133605963,5.0,0.30851551652431763,694,8827.090417867435,8.404727830054002,5.0,0.3190391055351054,-0.2866387976682745,0.0
124.0,725,8799.967931034484,8.152927303369257,5.0,0.30279211854641475,733,8799.785470668485,8.522467314649148,5.0,0.31478451264114277,0.18246036599884974,0.0
125.0,699,8774.935979971387,7.612722404778062,5.0,0.287939605842273,693,8774.784992784993,7.6569879041565985,5.0,0.2908649185007203,0.1509871863945591,0.0
126.0,706,8751.561614730877,7.324949568650681,5.0,0.27567811366866746,706,8751.478399433428,7.3275549211519,5.0,0.27577616740354255,0.08321529744898726,0.0
127.0,713,8731.85553997195,5.937525353832272,5.0,0.22236207199581845,706,8731.798512747875,5.961522716898255,5.0,0.22436486719596077,0.057027224074772676,0.0
128.0,684,8715.912280701754,5.603738404194322,5.0,0.21426429306948186,694,8715.62067723343,5.398439967819098,5.0,0.2049219788485289,0.2916034683239559,0.0
129.0,731,8701.668604651162,4.9408705040717065,5.0,0.1827446969556102,726,8701.53891184573,4.9563909617798085,5.0,0.1839489215470135,0.129692805432569,0.0
130.0,702,8690.044871794871,4.420213029003198,5.0,0.16683018995890136,700,8690.1775,4.184006801058063,5.0,0.15814059256289334,-0.13262820512863982,0.0
131.0,703,8680.995376955903,4.039212617395498,5.0,0.15234178915638016,713,8681.77033660589,3.8783430883892356,5.0,0.14524509010951397,-0.7749596499870677,0.0
132.0,706,8675.656869688386,3.657633459995079,5.0,0.13765685118956905,702,8676.088675213676,3.5399276385382383,5.0,0.1336059589216853,-0.4318055252897466,0.0
133.0,701,8672.551711840228,3.3205664202258114,5.0,0.1254160627803537,689,8672.890420899856,3.48089193869375,5.0,0.13261142144813587,-0.33870905962794495,0.0
134.0,722,8671.267659279778,3.24669624978856,5.0,0.12082952287781178,717,8671.374476987448,3.2827003227581546,5.0,0.12259469006498201,-0.10681770767041598,0.0
135.0,696,8673.600933908046,3.4170219043636223,5.0,0.12952188102821605,692,8673.90715317919,3.705897847928671,5.0,0.14087709797219344,-0.306219271144073,0.0
136.0,684,8679.006578947368,3.9365102966800265,5.0,0.15051623310031184,696,8679.11566091954,4.085782384324068,5.0,0.15487118160226115,-0.10908197217213456,0.0
137.0,688,8687.000363372093,4.26090302959292,5.0,0.16244540508469607,692,8687.41979768786,4.238681834335711,5.0,0.1611305061693546,-0.4194343157669209,0.0
138.0,676,8697.467825443788,4.568975523941097,5.0,0.17572982784388833,658,8697.565349544073,4.328951941946929,5.0,0.16876011695750504,-0.09752410028522718,0.0
139.0,735,8709.716666666667,5.275426081857607,5.0,0.19458702246840723,730,8709.507876712329,5.1982991848785405,5.0,0.19239768465951185,0.20878995433849923,0.0
140.0,684,8724.101608187135,5.55116468211461,5.0,0.21225408656394448,696,8724.215876436781,5.5318082262796295,5.0,0.20968264968981354,-0.1142682496465568,0.0
141.0,733,8741.06957708049,6.568842726557916,5.0,0.24262574204791476,724,8741.174723756905,6.368485193358622,4.0,0.23668288823426087,-0.10514667641473352,1.0
142.0,696,8762.605962643678,7.4700478897300275,5.0,0.2831514345322525,698,8762.990687679083,7.507200223356447,5.0,0.28415171901241804,-0.38472503540469916,0.0
143.0,700,8787.06,7.680037944738186,5.0,0.2902781494473837,711,8787.164908579465,7.966764321808294,5.0,0.29877700493318776,-0.10490857946570031,0.0
144.0,715,8812.156293706294,8.032320188880155,5.0,0.3003917433351065,703,8812.26386913229,8.242122828021534,5.0,0.31085754997395343,-0.10757542599640146,0.0
145.0,683,8838.382503660323,8.16545665790811,5.0,0.3124425157838869,682,8838.23900293255,8.181644467935573,5.0,0.31329135858834367,0.14350072777233436,0.0
146.0,731,8866.475718194255,9.298706015292247,4.0,0.3439250657234448,721,8866.306171983357,9.430574172065258,4.0,0.3512129353494266,0.16954621089826105,0.0
147.0,685,8898.798540145985,10.138078048658134,4.0,0.3873560510036904,688,8898.195130813954,10.29622153305172,4.0,0.3925397659045416,0.6034093320304237,0.0
148.0,714,8935.65056022409,12.133566783244989,4.0,0.4540873243728733,730,8936.025,12.336675459193184,4.0,0.45660084391622935,-0.3744397759091953,0.0
149.0,697,8975.7718794835,12.293830152744894,4.0,0.4656620221040604,697,8976.447274031563,12.589592708659103,4.0,0.47686482775034833,-0.6753945480631955,0.0
150.0,695,9019.110791366906,13.382276714539056,4.0,0.5076186894764091,683,9019.756954612007,13.33557159970634,4.0,0.5102714660781549,-0.6461632451009791,0.0
151.0,726,9064.89497245179,14.268541676900282,4.0,0.5295552497279019,711,9064.7482419128,14.204941626880615,4.0,0.5327269319254604,0.14673053899059596,0.0
152.0,683,9112.267935578331,13.879744719332942,4.0,0.5310936718213496,692,9111.968930635838,14.180468366050494,4.0,0.5390605227859308,0.29900494249341136,0.0
153.0,728,9163.263736263736,16.56344820855762,4.0,0.6138822333072438,725,9163.16448275862,16.715271697336906,4.0,0.6207896061116561,0.09925350511548459,0.0
154.0,671,9219.904619970193,17.16384044794534,4.0,0.6626027113502556,683,9220.803440702783,17.3762771177446,4.0,0.6648847657978967,-0.898820732589229,0.0
155.0,684,9279.549342105263,18.225889515051087,4.0,0.6968843030898704,676,9280.116863905325,18.175538822374797,4.0,0.6990591854759537,-0.5675218000615132,0.0
156.0,708,9341.19597457627,19.18068984263876,4.0,0.7208544667286815,696,9341.036637931034,18.933984737311164,4.0,0.7176908393254205,0.15933664523618063,0.0
157.0,694,9407.999639769452,20.53650666327301,4.0,0.779555132438388,699,9407.744277539341,20.655729763859853,4.0,0.7812714519653771,0.2553622301111318,0.0
158.0,721,9480.312760055478,22.45631090484056,4.0,0.8363167211356741,718,9480.137534818941,22.150103057605314,4.0,0.8266345043054202,0.17522523653678945,0.0
159.0,690,9555.844927536233,22.298583469376386,4.0,0.8488925648047525,701,9556.223252496433,22.832775189072667,4.0,0.8623820168511203,-0.3783249602001888,0.0
160.0,711,9634.182489451478,24.280864908304192,4.0,0.9106035777450773,703,9635.136201991465,23.98348705305573,4.0,0.9045543460961217,-0.953712539987464,0.0
161.0,704,9719.427201704546,26.5349807123445,4.0,1.0000747141155018,702,9720.207977207978,26.58603803581315,4.0,1.0034253432281977,-0.7807755034318689,0.0
162.0,691,9808.774240231549,26.018952999357438,4.0,0.9898076200564487,681,9808.266152716593,25.834059606744976,4.0,0.9899633151250954,0.5080875149560597,0.0
163.0,719,9901.174200278165,29.09924710938566,4.0,1.0852187965320352,721,9900.726074895978,29.309641232118544,4.0,1.0915480800376982,0.44812538218684494,0.0
164.0,694,10000.886167146975,29.54604246112975,4.0,1.1215524344755032,697,10001.32281205165,29.4473764098914,4.0,1.1153989175316354,-0.43664490467563155,0.0
165.0,709,10097.656205923837,27.250116951335993,4.0,1.0233996236316931,707,10097.6414427157,26.797814240293437,4.0,1.007835531401532,0.014763208137082984,0.0
166.0,700,10178.873214285713,21.50578191103366,4.0,0.812842152665521,708,10179.59145480226,21.43523404489638,4.0,0.8055854264578688,-0.7182405165458476,0.0
167.0,700,10239.572142857143,15.072374600184432,4.0,0.5696822122756371,698,10240.611031518625,15.117095326181664,4.0,0.572190496537547,-1.0388886614819057,0.0
168.0,723,10280.323305670816,9.521543206895842,4.0,0.35411000205546067,701,10280.491084165478,9.306737711083537,4.0,0.35151063202469024,-0.1677784946623433,0.0
169.0,685,10299.128102189781,3.8909564010266724,4.0,0.14866580222557205,686,10298.922740524782,4.056630194750702,4.0,0.15488286054693037,0.20536166499914543,0.0
170.0,715,10298.624475524475,4.031918637175922,4.0,0.15078520775146514,725,10298.461034482758,4.246722285653226,4.0,0.15771930619567967,0.16344104171730578,0.0
171.0,690,10282.326811594203,7.8802428798506385,4.0,0.2999957194028827,695,10281.892446043166,8.151452535977306,4.0,0.30920221886806776,0.4343655510365352,0.0
172.0,742,10244.630053908355,15.244999835031253,4.0,0.5596615505576968,729,10244.45438957476,15.04610227325541,4.0,0.5572630471576078,0.1756643335957051,0.0
173.0,728,10182.69162087912,22.063510892704073,4.0,0.8177281186180828,729,10182.758230452675,21.94397526198184,4.0,0.812739824517846,-0.0666095735541603,0.0
174.0,722,10099.782548476454,27.2014428900253,4.0,1.0123328802944995,733,10099.458049113233,27.905710618496407,4.0,1.0307209394454315,0.32449936322154826,0.0
175.0,723,9991.545643153528,38.044941600784504,3.0,1.4149066023978876,703,9991.128733997155,37.89931930721858,3.0,1.4293998999224498,0.4169091563726397,0.0
176.0,681,9846.685756240822,47.139370204613016,3.0,1.8063845911574745,687,9847.355895196506,47.518206325546046,3.0,1.8129326497216414,-0.6701389556837967,0.0
177.0,713,9670.37412342216,55.36276420321422,3.0,2.0733518134279616,707,9670.758132956153,55.089103598800726,3.0,2.071838975450836,-0.38400953399286664,0.0
178.0,684,9489.541301169591,50.09599709509351,3.0,1.9154683229247345,704,9487.265625,51.842013368566946,3.0,1.953869394546877,2.2756761695909518,0.0
179.0,715,9319.066433566433,49.30238074440895,3.0,1.8438044990894424,706,9316.356586402266,47.92544138278857,3.0,1.8036977802127325,2.7098471641675133,0.0
180.0,712,9157.698735955057,46.06202636295487,4.0,1.7262474209198728,704,9156.806107954546,44.995900852272456,4.0,1.695846820807051,0.8926280005107401,0.0
181.0,695,9007.736330935251,42.83540090640577,4.0,1.6248393703952224,696,9007.294181034482,42.81477093218888,4.0,1.6228897039985646,0.4421499007694365,0.0
182.0,723,8865.303941908714,41.718265034477874,4.0,1.5515189708334445,712,8865.452247191011,40.95135147500494,4.0,1.5347167818861807,-0.14830528229686024,0.0
183.0,689,8729.806603773584,39.06695053628713,4.0,1.488332281928058,692,8730.473988439306,38.844198921564,4.0,1.4766348781532495,-0.6673846657213289,0.0
184.0,718,8600.265668523676,37.13582135426196,4.0,1.3858965440169722,723,8600.576417704011,37.18920312186239,4.0,1.383081345929946,-0.3107491803348239,0.0
185.0,703,8477.416073968705,36.007792828683435,4.0,1.3580596276288566,698,8477.12464183381,35.5978460643282,4.0,1.3473983444384312,0.2914321348944213,0.0
186.0,696,8358.4529454023,33.690081828548124,4.0,1.2770192561117748,706,8357.639518413598,33.79638409539943,4.0,1.2719436944816709,0.8134269887013943,0.0
187.0,726,8245.71590909091,33.262619461615984,4.5,1.2344915937777041,704,8245.695667613636,32.09954033531605,5.0,1.2097969458536624,0.02024147727388481,-0.5
188.0,691,8138.681982633864,29.236056460607294,5.0,1.1121920034916208,696,8139.778376436781,29.592614698576078,5.0,1.1217051653687413,-1.0963938029171914,0.0
189.0,723,8039.058091286307,29.86721386769769,5.0,1.11077363556168,716,8039.675977653631,29.365265429213633,5.0,1.0974314944884753,-0.6178863673239903,0.0
190.0,684,7941.8848684210525,27.42271840031366,5.0,1.048533844422286,695,7942.110431654676,27.5023829690751,5.0,1.0432248486591755,-0.22556323362368857,0.0
191.0,699,7853.16773962804,24.705964850241987,5.0,0.9344654123296018,700,7852.441428571428,24.626631767941856,5.0,0.9307991898162438,0.7263110566118485,0.0
192.0,714,7768.949579831933,25.320233300849953,5.0,0.9475859157883149,698,7768.88717765043,24.777595451451095,5.0,0.937845818820624,0.062402181502875465,0.0
193.0,694,7684.4229106628245,23.50486197349745,5.0,0.8922323591414331,708,7684.438912429378,24.02849397232156,5.0,0.9030461026592708,-0.016001766553927155,0.0
194.0,714,7607.169467787115,22.289308671710376,5.0,0.8341564123448306,700,7606.902857142857,21.653856759685507,5.0,0.8184388558791825,0.26661064425752556,0.0
195.0,709,7531.661495063469,22.01391553404706,5.0,0.8267499516584318,710,7532.075704225352,21.857815422875426,5.0,0.8203091954510423,-0.41420916188235424,0.0
196.0,707,7458.249646393211,20.98490073020732,6.0,0.7892184186811985,712,7458.322682584269,20.830149163459218,6.0,0.7806428442261659,-0.073036191058236,0.0
197.0,702,7389.745014245014,19.670628899400782,6.0,0.7424200449990831,701,7389.395506419401,19.356667671640075,6.0,0.7310912479081704,0.3495078256137276,0.0
198.0,698,7325.872492836676,17.95061481554442,6.0,0.6794407908953065,699,7325.732474964235,18.043791160761366,6.0,0.6824788608433944,0.14001787244160369,0.0
199.0,727,7264.808115543328,17.87586257982692,6.0,0.6629790453273249,706,7265.389518413598,17.385104386212973,6.0,0.654297034840463,-0.5814028702698124,0.0
200.0,693,7208.2590187590185,15.35872857838321,6.0,0.5834298541598888,701,7209.181169757489,15.616280032654412,6.0,0.5898187565354533,-0.9221509984708973,0.0
201.0,708,7157.5233050847455,14.520494245531422,7.0,0.5457135912145813,709,7157.940409026798,14.654545812411053,7.0,0.5503630203018117,-0.41710394205256307,0.0
202.0,698,7109.896489971346,13.866858134414716,7.0,0.5248683209402374,708,7109.532132768361,14.083703929662367,7.0,0.5292980059149275,0.3643572029850475,0.0
203.0,704,7062.53125,13.871178173681859,7.0,0.522789697753068,705,7061.874468085106,14.065051052726865,7.0,0.5297204683909797,0.6567819148940544,0.0
204.0,719,7014.988178025034,13.729385636753513,7.0,0.512019685658335,697,7014.8278335724535,13.356333791129853,7.0,0.5059072171812669,0.16034445258082997,0.0
205.0,691,6969.505788712012,12.65317608322016,7.0,0.4813495033945686,697,6970.174677187948,12.869351821706912,7.0,0.4874614597735095,-0.6688884759360008,0.0
206.0,728,6926.726648351649,12.266567440976011,7.0,0.45462923667003907,720,6927.219444444445,12.18187410518476,7.0,0.4539916432089591,-0.4927960927961976,0.0
207.0,686,6889.198250728863,10.23074391347844,7.0,0.3906116177148892,699,6889.211731044349,10.377943108326056,7.0,0.3925298584629076,-0.013480315486049221,0.0
208.0,688,6855.933502906977,9.426506131265509,7.0,0.35938217706238057,679,6855.839837997055,9.610559878756009,7.0,0.36881943805049144,0.09366490992215404,0.0
209.0,687,6825.4978165938865,8.792089252174884,7.0,0.3354391273806443,682,6825.562316715543,8.971256641422581,7.0,0.34352717139579747,-0.06450012165623775,0.0
210.0,672,6796.364955357143,8.531102227385375,7.0,0.32909441313865684,682,6796.482771260997,8.665645206577661,7.0,0.33182470473424414,-0.11781590385362506,0.0
211.0,718,6757.183147632312,252.6849500531917,7.0,9.430118581815853,719,6757.0844923504865,252.50028766521498,7.0,9.416671753533295,0.09865528182581329,0.0
212.0,700,1694.6192857142858,2652.9696099144576,0.0,100.27282605208131,699,1652.3648068669527,2597.8044246554964,0.0,98.25798739503935,42.254478847333075,0.0
213.0,709,5607.552186177715,422.7101332308382,10.0,15.875212279869995,709,5623.368124118477,299.34141793438397,10.0,11.24200292418953,-15.815937940761614,0.0
214.0,708,5624.7168079096045,3.5370528062610282,11.0,0.13293058463311808,695,5624.631294964029,3.523583950155433,11.0,0.13365715753693547,0.08551294557582878,0.0
215.0,702,5615.290954415955,2.54527759432175,12.0,0.09606531218577742,695,5615.2561151079135,2.6075667190360394,12.0,0.09891064344838325,0.03483930804122792,0.0
216.0,725,2723.6627586206896,2805.667349729909,0.0,104.19986946408166,712,2875.8030196629215,2805.9678537768355,5.0,105.15809123547218,-152.14026104223194,-5.0
217.0,674,2451.452522255193,3215.3862161069574,0.0,123.85204942383713,708,2220.843573446328,3143.020655831263,0.0,118.12194959432075,230.60894880886508,0.0
218.0,710,1114.9616197183097,2323.957743628345,0.0,87.21657997637178,699,1030.2818311874105,2253.3999347052427,0.0,85.23141321911204,84.67978853089926,0.0
219.0,702,2526.246794871795,3094.377926994654,0.0,116.78976872333365,702,2598.0213675213677,3107.98203584493,0.0,117.30322272403934,-71.77457264957275,0.0
220.0,706,6305.203966005665,4.47526755730654,4.0,0.16842891637656918,691,6296.0086830680175,239.8988398607296,4.0,9.126181969840063,9.19528293764779,0.0
221.0,716,2560.8320530726255,3096.940688507854,0.0,115.7381075381056,705,2600.6021276595743,3104.1037099878795,0.0,116.90730911852376,-39.770074586948795,0.0
222.0,685,4656.521167883212,2761.1218660471754,4.0,105.49704364463217,715,4513.654195804196,2834.328348522323,4.0,105.99787032586347,142.8669720790158,0.0
223.0,708,6285.754237288135,3.255853674773306,5.0,0.12236247412008848,698,6285.707736389685,3.174900042144583,5.0,0.12017173884095922,0.046500898450176464,0.0
224.0,701,3299.3584165477887,3140.783019893365,1.0,118.6257374654858,703,3236.6031294452346,3143.5592312734257,1.0,118.5615819154483,62.75528710255412,0.0
225.0,708,1325.3753531073446,2559.7990375291624,0.0,96.20313895221297,696,1029.6368534482758,2328.1221862024486,0.0,88.24724372863578,295.7384996590688,0.0
226.0,746,6251.076407506703,459.29153152717714,4.0,16.815857722851995,732,6267.556010928962,328.3066515628323,4.0,12.13456301155585,-16.47960342225906,0.0
227.0,736,6289.659986413043,3.773380465294926,4.5,0.13908864927993997,741,6289.406545209177,3.852160810915605,4.0,0.1415126633587823,0.2534412038658047,0.5
228.0,738,6296.267615176152,4.030943070666703,5.0,0.148381064938184,749,6296.370493991989,4.148349958232262,5.0,0.15157740854867055,-0.10287881583735725,0.0
229.0,701,6305.167617689016,4.249105775091528,5.0,0.16048651019394541,698,6305.214541547278,4.261819568042945,5.0,0.1613122496203688,-0.04692385826183454,0.0
230.0,712,6315.652738764045,4.196446685133502,5.0,0.15726848858445988,707,6315.699434229137,4.341745085522911,5.0,0.16328812963030892,-0.04669546509194333,0.0
231.0,677,3970.354505169867,3059.5409345952767,3.0,117.58771031293327,693,3760.1464646464647,3107.5853795624007,3.0,118.047407084158,210.20804052340236,0.0
232.0,725,1500.8020689655173,2565.8676786888113,0.0,95.29393326233718,697,1662.549856527977,2650.5650195887506,0.0,100.39730917092636,-161.74778756245973,0.0
233.0,693,4432.673520923521,2924.9321927992505,5.0,111.10898626558516,709,4395.3720028208745,2940.536199361489,5.0,110.43415501944763,37.301518102646696,0.0
234.0,710,6374.545422535211,6.331601025171067,5.0,0.23762075222940152,707,6374.914427157001,6.246366971623398,5.0,0.23491880791939213,-0.36900462178982707,0.0
235.0,722,6394.075138504155,7.024845567786405,4.0,0.2614376809352647,699,6394.200286123033,6.96960089203351,4.0,0.26361451620389004,-0.1251476188781453,0.0
236.0,696,4302.031609195402,3014.7109761141323,3.0,114.27232464739849,717,3683.5306834030685,3171.5317667195773,3.0,118.44302426166858,618.5009257923334,0.0
237.0,713,323.2671809256662,1363.559206162578,0.0,51.065693584884926,700,414.4660714285714,1528.6311783801937,0.0,57.776827776194395,-91.19889050290521,0.0
238.0,704,852.1814630681819,1971.2592883953062,0.0,74.29462981943429,709,916.2341325811001,2031.6290245277694,0.0,76.29942956846676,-64.05266951291821,0.0
239.0,703,4403.027027027027,2068.986434311584,3.0,78.03330128893884,697,4472.308823529412,2010.1540935987555,3.0,76.14001562864888,-69.28179650238508,0.0
240.0,707,97.84582743988685,779.196706005879,0.0,29.304708183362617,717,214.28940027894004,1128.747948843043,0.0,42.15386460669372,-116.44357283905319,0.0
241.0,706,6503.59454674221,4134.529814872913,8.0,155.60508227239447,705,6474.330141843971,4148.544739663712,8.0,156.24323398453237,29.264404898238354,0.0
242.0,735,9170.031972789116,14.925581684129078,10.0,0.5505383742389559,700,9169.664285714285,14.547274183996116,10.0,0.5498352820674828,0.36768707483133767,0.0
243.0,678,6835.206858407079,4034.6704029009857,8.0,154.95058333030875,717,6539.495815899581,4183.319111303087,8.0,156.2289150604568,295.71104250749795,0.0
244.0,683,555.7060761346999,2200.58884841673,0.0,84.20319215575059,674,549.3594213649851,2188.737323124895,0.0,84.30701163099226,6.346654769714746,0.0
245.0,690,195.09746376811594,1467.5484626460882,0.0,55.868615158528264,690,210.78695652173914,1522.2366544168583,0.0,57.950559038083654,-15.689492753623199,0.0
246.0,678,1291.9561209439528,3560.5791876341873,0.0,136.74321989746275,676,1294.049926035503,3560.390596342237,0.0,136.93809985931682,-2.0938050915501663,0.0
247.0,724,4609.954419889503,5361.556858918123,0.0,199.26069140025925,701,4515.489657631954,5348.159021000664,0.0,201.99717838847536,94.4647622575485,0.0
248.0,685,9392.956569343065,3321.8295016403945,3.0,126.92058116807362,717,9489.902719665271,3198.667629730372,3.0,119.4564316361983,-96.94615032220645,0.0
249.0,733,9425.829809004093,2635.521482536769,3.0,97.34520706340223,709,9455.9047954866,2580.481386830884,3.0,96.9120127002553,-30.074986482506574,0.0
250.0,695,9335.685971223022,2152.366406016949,7.0,81.64391139127672,708,9258.248234463277,2297.8966773464726,7.0,86.36024551441871,77.43773675974444,0.0
251.0,708,9721.60134180791,14.69777048326083,6.0,0.5523760402120111,702,9721.722934472935,14.487191733718227,7.0,0.5467838163112859,-0.12159266502567334,-1.0
252.0,730,9543.559931506848,78.7132538039963,6.0,2.913308227421552,687,9535.143013100436,371.82736001820655,6.0,14.186098616992854,8.416918406412151,0.0
253.0,672,6390.878720238095,4253.27294735513,3.0,164.07356602000917,718,6596.848885793872,4174.233849808345,4.0,155.78102369625157,-205.97016555577648,-1.0
254.0,721,8816.470527045769,876.8732579464748,4.0,32.656466640710626,704,8851.193892045454,673.692417352882,4.0,25.390738323488918,-34.723364999685145,0.0
255.0,689,8678.293541364295,59.987160311737625,7.0,2.285328800112634,706,8676.581444759207,61.35407576242568,7.0,2.309091102068259,1.712096605087936,0.0
256.0,711,8328.538326300984,1046.564744683404,7.0,39.24924439263437,698,8300.044770773638,1145.8215381834161,7.0,43.3699848238098,28.49355552734596,0.0
257.0,715,1872.9167832167832,2778.115093567452,0.0,103.89561378511809,703,1820.679587482219,2757.4659621845285,0.0,103.99979847752557,52.23719573456424,0.0
258.0,695,5698.293884892087,577.282955753604,1.0,21.897590649754093,702,5691.715099715099,613.5972135744566,1.0,23.158734438182464,6.578785176987367,0.0
259.0,718,2155.0954038997215,3314.682306866383,0.0,123.70284501794407,701,2006.135520684736,3208.0745650068066,0.0,121.16730404735846,148.95988321498544,0.0
260.0,682,2574.0307917888563,3622.966170473925,0.0,138.7305447108708,709,2692.577221438646,3662.303899651616,0.0,137.54070998013066,-118.54642964978984,0.0
261.0,726,60.09676308539945,83.49960367358558,0.0,3.0989609503774007,703,56.0174253200569,81.98187880896722,0.0,3.0920051205951937,4.079337765342551,0.0
262.0,731,126.03214774281805,80.36644983839625,11.0,2.9724605226979706,756,122.8204365079365,82.06480085121515,11.0,2.984667950731507,3.211711234881548,0.0
263.0,741,55.54655870445344,83.12808330981238,0.0,3.0537864451941785,725,56.73724137931035,83.57517164555469,0.0,3.103903952385287,-1.1906826748569088,0.0
264.0,739,55.12415426251692,72.70534345283062,0.0,2.674509292336774,741,54.87112010796221,72.52592911886393,0.0,2.6643065790758733,0.25303415455470457,0.0
265.0,691,10.298842257597684,38.15169785713774,0.0,1.4513589865825427,693,9.577922077922079,36.81360824131974,0.0,1.3984333389133587,0.7209201796756055,0.0
266.0,717,91.85111576011158,89.52881522580641,12.0,3.3435148735327895,698,92.15150429799426,89.63116408486911,12.0,3.392589593196252,-0.30038853788268227,0.0
267.0,697,139.0225968436155,75.34972300286702,12.0,2.854074274863945,701,142.55920114122682,73.2005639435013,12.0,2.7647471428898998,-3.5366042976113192,0.0
268.0,704,138.74183238636363,75.63155750144381,13.0,2.850471574346346,704,140.2237215909091,74.90180521927276,13.0,2.8229680003705853,-1.4818892045454675,0.0
269.0,703,128.63833570412518,82.05785850820544,11.0,3.0948707492258,712,131.55653089887642,80.88322908378558,11.0,3.0312271653304492,-2.9181951947512346,0.0
270.0,703,112.18314366998578,91.37235373302448,9.0,3.4461735901622745,696,126.88326149425288,86.93093638880049,9.0,3.2951086401415877,-14.700117824267096,0.0
271.0,721,122.73474341192788,90.89398171906967,6.0,3.385068771285698,716,121.4036312849162,90.93630177108767,6.0,3.398449157439547,1.3311121270116786,0.0
272.0,700,90.96071428571429,94.50977475650248,0.0,3.5721337210062227,704,92.46732954545455,94.434900270822,0.0,3.5591492194653194,-1.5066152597402578,0.0
273.0,715,65.53321678321679,88.9591552374581,0.0,3.3268837769182613,706,62.40120396600567,87.64395794232841,0.0,3.298523870171557,3.1320128172111197,0.0
274.0,701,633.9311697574893,1780.1393031832563,0.0,67.23493354806133,701,546.9921540656205,1673.3774847197283,0.0,63.202595316424336,86.9390156918688,0.0
275.0,712,5655.817766853933,426.0072411822732,9.0,15.965296350390826,709,5672.250352609309,302.74159164195424,9.0,11.369699128166342,-16.43258575537584,0.0
276.0,698,5592.393266475645,37.196149164943996,11.0,1.4078950089778781,698,5593.030444126074,37.19746043078405,11.0,1.4079446411218794,-0.6371776504292939,0.0
277.0,699,5471.645207439199,30.091030383154653,9.0,1.138147297013651,705,5471.877659574468,30.500806519662042,9.0,1.148726830448696,-0.23245213526934094,0.0
278.0,718,5391.907033426184,17.730548773414075,12.0,0.6616982033111488,710,5391.792957746479,17.745753372245563,13.0,0.665986256624011,0.11407567970491073,-1.0
279.0,703,5327.641891891892,19.98853513214607,11.0,0.7538818807240161,711,5327.564697609001,20.401464456893695,11.0,0.7651146940541137,0.07719428289055941,0.0
280.0,661,5261.579803328291,15.134878585893727,13.0,0.5886785501575964,658,5261.142857142857,15.287917724595125,13.0,0.5959850831882987,0.43694618543395336,0.0
281.0,689,5207.08962264151,17.776180467371372,11.0,0.6772185408838984,675,5207.0948148148145,17.254598013259827,11.0,0.6641297871809562,-0.0051921733047493035,0.0
282.0,663,5146.969834087481,14.793117463627167,13.0,0.5745170760978394,676,5146.923076923077,15.171220317625266,13.0,0.583508473754818,0.04675716440397082,0.0
283.0,720,5096.249652777778,16.723558725045155,11.0,0.6232502355818447,701,5096.263908701854,16.42458096400289,11.0,0.620347861369479,-0.014255924076678639,0.0
284.0,705,5036.862411347518,16.397620734974115,13.0,0.6175701249619069,709,5037.353314527503,16.485275047050937,13.0,0.6191174998898393,-0.4909031799852528,0.0
285.0,723,2207.0867911479945,2485.5109807672025,0.0,92.43714798993005,737,2151.8236092265943,2478.5457116065822,0.0,91.29840471530451,55.263181921400246,0.0
286.0,705,1135.381560283688,1225.139820035561,0.0,46.14143502791314,694,1157.0814121037463,1226.768104483991,0.0,46.56748043095816,-21.699851820058257,0.0
287.0,700,2114.821785714286,898.9987455893349,16.0,33.97895871126293,694,2064.9106628242075,944.8413432449382,16.0,35.865686922489644,49.91112289007833,0.0
288.0,706,2226.2468130311613,802.1073093525451,5.0,30.187706813508175,706,2215.648371104816,814.8967226871634,5.0,30.66904273397731,10.598441926345458,0.0
289.0,699,1935.3612303290415,2383.3713078090263,0.0,90.14738203452474,702,1982.5900997150998,2392.7993433547167,0.0,90.31039145989384,-47.22886938605825,0.0
290.0,711,4846.010900140647,10.56049661550395,13.0,0.3960495656624573,706,4846.139872521247,10.446477915297077,13.0,0.39315838275470716,-0.1289723805994072,0.0
291.0,703,4810.1909672830725,10.578708872032282,14.0,0.3989835616945125,699,4810.577253218884,10.495407873312578,14.0,0.39697278391482554,-0.3862859358114292,0.0
292.0,698,4775.516475644699,9.707648002573745,14.0,0.3674398957572365,708,4775.707627118644,9.864963706475,14.0,0.37074803931819994,-0.1911514739449558,0.0
293.0,707,4745.219943422913,8.13996921761077,15.0,0.3061350499880557,694,4745.234149855908,8.085498719062027,15.0,0.30692133419366363,-0.014206432994797069,0.0
294.0,697,4718.300573888092,7.79207661689189,16.0,0.29514594790473,706,4718.342422096317,7.820234887750861,16.0,0.29431842254965723,-0.041848208225019334,0.0
295.0,706,4689.010269121813,8.764965969021818,17.0,0.32987384582841617,708,4688.817090395481,8.879163920002023,17.0,0.3336994146227774,0.1931787263320075,0.0
296.0,707,4660.87729844413,7.238468228476045,16.0,0.2722306158317253,688,4661.1144622093025,7.008317848806104,16.0,0.2671896130948516,-0.2371637651722267,0.0
297.0,712,4634.578300561798,8.378606744300654,16.0,0.31400156322438927,721,4634.860263522884,8.359270805679282,16.0,0.3113155130829579,-0.2819629610867196,0.0
298.0,722,4607.276315789473,7.770045883870113,16.0,0.2891711649797462,727,4607.291953232462,7.748330969876431,16.0,0.2873696889506162,-0.015637442988918338,0.0
299.0,741,4581.67645074224,7.338738528967866,16.0,0.26959529622573364,743,4581.494616419919,7.405284998608742,16.0,0.2716735579458761,0.18183432232126506,0.0
300.0,739,4557.709066305819,6.9795917422547396,16.0,0.25674843257549534,730,4557.621232876712,6.849263363955451,16.0,0.25350261036947963,0.08783342910646752,0.0
301.0,700,4535.2582142857145,6.083940170158855,15.0,0.229951324023376,709,4535.108603667137,6.2621506203646575,15.0,0.23518000306020576,0.14961061857775348,0.0
302.0,709,4516.064527503526,5.392943753263691,15.0,0.20253625396225555,694,4515.957492795389,5.3223467788594805,15.0,0.2020335208955919,0.10703470813677995,0.0
303.0,694,4498.956772334294,4.779548960774357,15.0,0.1814291974873975,691,4499.10998552822,4.645984100345193,15.0,0.17674156470847785,-0.1532131939256942,0.0
304.0,712,4484.599016853933,4.022334676186746,15.0,0.15074336517744363,713,4484.611851332398,3.9695810275198373,15.0,0.14866197778252652,-0.01283447846526542,0.0
305.0,698,4471.617836676218,3.8591123475509574,15.0,0.14606955653147316,705,4471.613829787234,3.8428010949145777,15.0,0.14472826215137452,0.004006888983894896,0.0
306.0,719,4456.859179415856,4.336985368128894,14.0,0.16174226171851114,715,4456.637062937063,4.15176345917783,14.0,0.15526714997541646,0.2221164787924863,0.0
307.0,698,4446.15329512894,2.261816546645393,15.0,0.08561101884833845,696,4446.294899425287,2.1642648386985526,15.0,0.08203624700019918,-0.14160429634739558,0.0
308.0,712,4438.077598314607,2.624542071936773,15.0,0.09835887260097335,702,4438.145299145299,2.696699649090154,15.0,0.10178036935501905,-0.06770083069204702,0.0
309.0,711,2997.1357243319267,2073.975958332956,8.0,77.78017525106215,719,2926.810152990264,2099.158192824927,8.0,78.28539065579704,70.32557134166245,0.0
310.0,697,2570.32281205165,2051.540170790422,4.0,77.70762508417103,697,2660.931850789096,2028.8363711821319,4.0,76.8476573520903,-90.6090387374461,0.0
311.0,719,4198.772600834493,5.785911261982012,4.0,0.21577807951409328,717,4199.033821478382,5.852692085668784,4.0,0.21857279122130777,-0.26122064388982835,0.0
312.0,694,4186.9340778097985,5.9429613939162795,4.0,0.2255917295221362,692,4187.487355491329,6.055379598731377,4.0,0.23019099284296324,-0.5532776815307443,0.0
313.0,714,4172.879551820728,6.184305958760679,4.0,0.23144183372317728,709,4172.535260930888,6.18364419057256,4.0,0.2322316322020043,0.34429088983961265,0.0
314.0,709,4156.321227080395,6.341049013230756,4.0,0.23814309440063952,717,4156.686192468619,6.133753385504662,4.0,0.22906921780760356,-0.3649653882239363,0.0
315.0,714,1308.030112044818,1988.6245944542752,0.0,74.42240500334826,698,1228.2797277936963,1954.2785038703148,0.0,73.97053225995992,79.75038425112166,0.0
316.0,693,1228.186507936508,1958.0212316834188,0.0,74.37907609428424,700,1257.057857142857,1969.2508413400346,0.0,74.43068564700636,-28.871349206349123,0.0
317.0,670,1601.219776119403,2024.9493508772105,0.0,78.23061844390898,688,1613.7787063953488,2027.8945822839742,0.0,77.31275614588515,-12.55893027594584,0.0
318.0,714,951.0266106442577,927.9997051897461,3.0,34.729516116425096,684,995.4338450292398,925.8244402340439,3.0,35.39978223193254,-44.407234384982075,0.0
319.0,695,2667.884892086331,2001.106303548103,15.0,75.90628866659614,715,2610.8849650349653,2017.0129310026155,15.0,75.43200674596125,56.99992705136583,0.0
320.0,720,4176.625,2.85193246345021,13.0,0.10628524759188505,699,4176.573676680973,2.735100468270355,13.0,0.1034510006930618,0.051323319026778336,0.0
321.0,709,3752.2083921015515,1272.1170262567537,13.0,47.775357742925316,713,3754.679172510519,1268.9655045698516,14.0,47.523131620019086,-2.4707804089675847,-1.0
322.0,695,699.1838129496402,885.871650402925,0.0,33.603027034501544,707,726.7938472418671,899.8871522073424,0.0,33.84373957196172,-27.61003429222683,0.0
323.0,721,1035.9743411927877,908.0247456707514,6.0,33.81660866860041,715,1029.6003496503497,909.1529173457157,6.0,34.00039134119138,6.373991542438034,0.0
324.0,693,2987.863997113997,2107.4053728076333,12.0,80.05371037309871,693,2942.7319624819625,2123.030967129529,11.0,80.64727761858127,45.13203463203445,1.0
325.0,721,1552.6851595006935,2050.4208632285204,0.0,76.36166334488277,703,1531.7475106685633,2044.3051968325335,0.0,77.10243078710907,20.937648832130208,0.0
326.0,694,4268.004322766571,162.43931150915017,15.0,6.16611194264986,702,4267.890669515669,161.51111287199012,15.0,6.095844128803001,0.11365325090173428,0.0
327.0,702,4301.853276353277,8.119198243692388,15.0,0.3064393902333343,709,4301.845557122708,8.154511896644248,15.0,0.3062491225571324,0.007719230568909552,0.0
328.0,724,1368.471685082873,2020.2195663315545,0.0,75.08086888941168,716,1345.046089385475,2014.9657890618344,0.0,75.30280707197049,23.425595697397966,0.0
329.0,685,4526.621532846715,388.505814407954,15.0,14.844044141182799,698,4527.573424068768,384.9218961088611,15.0,14.569508633133337,-0.9518912220528364,0.0
330.0,720,4583.779513888889,7.766168054104358,15.0,0.2894279948944101,707,4584.107850070722,7.586688705416697,15.0,0.2853267947318196,-0.3283361818330377,0.0
331.0,696,4607.607040229885,6.831426060385968,15.0,0.25894453656162686,694,4607.707492795389,6.866787608469654,15.0,0.26065969306844616,-0.10045256550438353,0.0
332.0,716,4632.245111731843,7.402393573491361,15.0,0.27664043635944247,713,4632.326437587658,7.373091464293211,15.0,0.2761244453392923,-0.08132585581461171,0.0
333.0,706,4658.166430594901,8.152334600582783,15.0,0.3068171601212082,704,4658.324928977273,8.14311095592267,15.0,0.3069050416707703,-0.15849838237227232,0.0
334.0,688,4686.811409883721,8.88966558401676,15.0,0.3389153230743787,699,4686.986766809729,8.774388042481569,15.0,0.3318778355655742,-0.1753569260072254,0.0
335.0,714,4718.821078431372,10.062990966626442,14.0,0.3765979719610311,701,4719.117332382311,9.727449152604631,14.0,0.36740068386669933,-0.2962539509389899,0.0
336.0,690,4752.530434782609,9.954558281507119,15.0,0.3789635571556463,695,4752.824820143885,9.992620429295608,15.0,0.37904169783332314,-0.29438536127599946,0.0
337.0,714,4787.768557422969,10.789946921928793,37.0,0.4038036148339909,714,4788.038865546218,10.829765160783444,39.0,0.4052937749712158,-0.2703081232493787,-2.0
338.0,708,4823.6472457627115,11.462677714252264,35.0,0.43079380870971296,690,4823.616666666667,10.940529523760839,35.0,0.416498840856961,0.03057909604467568,0.0
339.0,701,4862.6797432239655,11.337735812874874,17.0,0.42822037163101906,713,4862.479312762974,11.253862156234861,17.0,0.4214604499163211,0.20043046099181083,0.0
340.0,725,4902.177586206896,12.425458587080726,16.0,0.4614699468665817,710,4901.888028169014,11.843744859554192,16.0,0.4444878240988562,0.28955803788176127,0.0
341.0,682,4945.183651026393,11.26806333884121,36.0,0.4314764453430011,709,4945.5208039492245,11.557237847735896,36.0,0.43404117805134773,-0.33715292283159215,0.0
342.0,712,4985.47963483146,12.440149527247316,27.0,0.4662143143259374,704,4986.233664772727,12.33026652055139,27.0,0.4647144047017041,-0.7540299412667082,0.0
343.0,703,5032.105974395448,14.217686154342545,15.0,0.5362301892919541,684,5032.434576023392,13.877701801344426,15.0,0.5306271905320413,-0.3286016279434989,0.0
344.0,715,5083.413636363636,15.37162112654563,14.0,0.5748660361525698,712,5082.7808988764045,15.196165508672687,14.0,0.5695003799988047,0.6327374872316796,0.0
345.0,710,5135.443661971831,16.255502333228524,15.0,0.6100581317320436,704,5134.555042613636,15.683170873481863,15.0,0.591081742163292,0.8886193581947737,0.0
346.0,696,5189.172054597701,15.034700101413975,38.0,0.5698888366338737,715,5188.812937062937,15.17156404288095,37.0,0.5673843254244834,0.359117534764664,1.0
347.0,708,5241.097457627118,16.88482389091026,23.0,0.6345705405564983,711,5241.6635021097045,16.948173086129085,22.0,0.6356061494001302,-0.5660444825862214,1.0
348.0,699,5303.429899856938,20.19375400232178,14.0,0.7637979238878961,690,5304.413043478261,20.25445112644444,14.0,0.7710737764599709,-0.983143621322597,0.0
349.0,708,5372.631709039548,21.14337065216269,13.0,0.7946165284644834,704,5372.65234375,21.237102977175905,13.0,0.8004034341980918,-0.020634710452213767,0.0
350.0,720,5442.656597222222,20.65712979466268,13.0,0.7698457740150337,696,5441.475933908046,20.064604627024003,13.0,0.7605468756465554,1.1806633141768543,0.0
351.0,696,5513.73742816092,20.885137309256333,13.0,0.7916490867011994,718,5512.41852367688,21.563599411386623,13.0,0.8047463826292168,1.3189044840401039,0.0
352.0,715,5589.187762237762,23.041643594223366,12.0,0.8617086129306714,713,5589.071178120617,22.844593600153004,12.0,0.8555367538016131,0.11658411714506656,0.0
353.0,706,5667.987606232295,23.34338802779826,12.0,0.878539997828901,716,5669.032821229051,23.64163474229913,12.0,0.883529372820887,-1.0452149967559308,0.0
354.0,717,5751.6942119944215,24.496244965909643,17.0,0.9148290322244002,718,5752.74860724234,24.47372138649586,19.0,0.9133511701602962,-1.0543952479183645,-2.0
355.0,706,5823.655099150142,17.920441461881737,33.0,0.6744447114645972,692,5824.458092485549,17.288515787125174,33.0,0.6572107576300156,-0.8029933354073364,0.0
356.0,705,5908.840780141844,32.996302092890424,13.0,1.2427126310663104,711,5909.116033755275,33.96032642254224,13.0,1.273611745650021,-0.27525361343032273,0.0
357.0,701,6025.9893009985735,29.178907371041962,12.0,1.1020721213159361,686,6025.685131195335,28.89652413462649,12.0,1.1032744181675171,0.30416980323843745,0.0
358.0,709,6126.901974612129,29.574780427559087,12.0,1.1107041930354005,718,6126.308147632312,29.77081822227815,12.0,1.111037068312415,0.593826979817095,0.0
359.0,709,6223.921720733428,33.60703987616704,5.0,1.2621388752960359,711,6223.797468354431,33.78639843093462,5.0,1.2670889363503512,0.12425237899697095,0.0
